"Variable / Field Name","Form Name","Section Header","Field Type","Field Label","Choices, Calculations, OR Slider Labels","Field Note","Text Validation Type OR Show Slider Number","Text Validation Min","Text Validation Max",Identifier?,"Branching Logic (Show field only if...)","Required Field?","Custom Alignment","Question Number (surveys only)","Matrix Group Name","Matrix Ranking?","Field Annotation"
example_appt,appointment_form_template,"An Example Appointment",text,"Appointment Slot Field
<div style=""font-weight:normal;"">This label will be visible, so it could say:
""Schedule your study onboarding visit!""
<ul><li>If you use branching logic to show this field, I recommend you check the <i>Prevent branching logic from hiding fields that have values</i> under additional customizations.</li><li>This is the only required field for using this module</li></ul></div>",,"Text field to hold SLOT ID from Slot DB",,,,,,,,,,,
example_appt_server_dt,appointment_form_template,,text,"Appt Server Timestamp<div style='font-weight:normal;'><i>(Optional)</i> If specified, the <b>server timestamp</b> for this appointment will be stored.  This can be used to automate reminders to the participant using datediff logic and notifications.  <ul><li>validate as <b>Y-M-D H:M</b>, any other format may cause errors.</li><li>field must present in the Appointment Field Event</li><li>recommended to use <code>@HIDDEN-SURVEY</code> or place this field on a different instrument so the participant does not see it in the survey</li></ul></div>",,"Mapping the slot's datetime to this project allows you to send appointment reminders based on the time of the select appointment.",datetime_ymd,,,,,,,,,,
example_appt_text_date,appointment_form_template,,text,"Appt Participant Text Date Field<div style='font-weight:normal;'><i>(Optional)</i> If specified, a simplified version of the selected date will be stored, <i>e.g. Wed, Nov 5th, 2025 at 9:00 AM CST</i>.<ul><li>Must be a <u>text field</u> (do not validate it as a date/time as this will fail)</li><li>recommended to use <code>@HIDDEN-SURVEY</code> or place this field on a different instrument so the participant does not see it in the survey</li></ul></div>
",,"This TEXT field holds the nicely formatted client date/time and can be used to pipe into a reminder body.",,,,,,,,,,,
example_appt_description,appointment_form_template,,notes,"Appt Description<div style='font-weight:normal;'><i>(Optional)</i> The above appointment description can be saved into a field,  useful for piping into reminders with participants timezone.<ul><li>field must be of type <u>note</u></li><li>recommended to use <code>@HIDDEN-SURVEY</code> or place this field on a different instrument so the participant does not see it in the survey</li></ul></div>",,"(optional) You can store the fancy-formatted appointment description, perhaps to be piped into a reminder email.",,,,,,,,,,,
example_appt_appt_slot_filter,appointment_form_template,,text,"Appt Slot Filter<div style='font-weight:normal;'>(Optional)</i> If set, only those slots that have a matching <code>slot filter value</code> will be displayed.<ul><li>You can use a <code>@CALCTEXT</code> field to create complex slot filter values, but the value must already be saved for the record.  So, a @CALCTEXT field on the same page as the appointment selector field may not operate as intended, <i>i.e.</i> use the multipages pagination in survey settings to save the value before scheduling the appointment</li><li>Example: <code>@CALCTEXT(if(mod([~record_id_field~]/2,0),""EVEN"",""ODD""))</code> would filter for slot dbs that are 'ODD' or 'EVEN' in their <code>slot_filter</code> value</li></ul></div>",,,,,,,,,,,,,"// Just an example of how you could take values from other fields
// Note that this should be done BEFORE this survey is rendered so it is saved
// Already...
// @CALCTEXT(if(mod([record_id]/2,0),""EVEN"",""ODD""))"
example_appt_cancel_url,appointment_form_template,,text,"Appointment Cancel Url<div style=""font-weight:normal;""><i>(Optional)</i> This field holds a url that will allow the user to cancel this appointment.  Useful for putting into an email confirmation about the appointment<ul><li>This should be a text field</li><li>recommended to use <code>@HIDDEN-SURVEY</code> or place this field on a different instrument so the participant does not see it in the survey</li></ul></div>",,,,,,,,,,,,,
example_appt_cancel_link,appointment_form_template,,descriptive,"Appointment Cancel Url Link:  <a href=""[example_appt_cancel_url]"" target=""_blank"">Cancel Appt</a>",,,,,,,"[example_appt_cancel_url] <> ''",,,,,,
example_appt_slot_url,appointment_form_template,,text,"Example Appointment Slot Url Link<div style='font-weight:normal;'><i>(Optional)</i> This field holds a url that will allow a study admin to click from the user survey to the slot database record.</div>",,"This is a url shortcut:  <a href=""[appt_slot_url_1]"" target='_BLANK'>GOTO Slot</a>",,,,,,,,,,,
example_appt_slot_link,appointment_form_template,,descriptive,"Appointment Slot Record Link:  <a href=""[example_appt_slot_url]"" target=""_blank"">Goto Slot Entry</a>",,,,,,,"[example_appt_slot_url] <> ''",,,,,,
